{"cameraMode":{"drawMode":0,"name":"Shaded","section":"Shading Mode"},"sceneLighting":true,"audioPlay":false,"sceneViewState":{"m_AlwaysRefresh":false,"showFog":true,"showSkybox":true,"showFlares":true,"showImageEffects":true,"showParticleSystems":true,"showVisualEffectGraphs":true,"m_FxEnabled":true},"in2DMode":false,"pivot":{"x":0.778889536857605,"y":-0.6274814605712891,"z":0.017558574676513673},"rotation":{"x":-0.11755210906267166,"y":0.8801302909851074,"z":-0.3574780821800232,"w":-0.28942006826400759},"size":3.5305628776550295,"orthographic":false}